time,temperature_2m,relativehumidity_2m,windspeed_10m,winddirection_10m,precipitation
2026-08-18T00:00,21.8,79,3.4,72,0.0
2026-08-18T01:00,21.1,82,3.1,69,0.0
2026-08-18T02:00,20.8,83,3.2,27,0.0
2026-08-18T03:00,21.0,83,1.5,14,0.0
2026-08-18T04:00,22.8,72,2.7,247,0.0
2026-08-18T05:00,25.0,65,3.6,233,0.0
2026-08-18T06:00,27.5,56,3.1,201,0.0
2026-08-18T07:00,29.8,43,2.2,189,0.0
2026-08-18T08:00,31.9,34,1.1,162,0.0
2026-08-18T09:00,32.9,33,1.5,135,0.0
2026-08-18T10:00,34.1,30,2.1,121,0.0
2026-08-18T11:00,34.9,28,2.9,120,0.0
2026-08-18T12:00,35.3,28,4.2,110,0.0
2026-08-18T13:00,35.3,29,6.4,117,0.0
2026-08-18T14:00,34.9,30,8.6,123,0.0
2026-08-18T15:00,34.2,32,7.9,129,0.0
2026-08-18T16:00,32.1,40,4.1,135,0.0
2026-08-18T17:00,29.9,37,18.8,135,0.0
2026-08-18T18:00,28.5,39,15.9,129,0.0
2026-08-18T19:00,27.2,43,14.3,135,0.0
2026-08-18T20:00,26.0,51,12.4,126,0.0
2026-08-18T21:00,25.0,56,9.3,118,0.0
2026-08-18T22:00,24.2,60,6.6,119,0.0
2026-08-18T23:00,23.7,63,4.1,135,0.0
2026-08-19T00:00,23.3,66,2.1,31,0.0
2026-08-19T01:00,22.5,69,2.3,51,0.0
2026-08-19T02:00,22.3,70,2.3,18,0.0
2026-08-19T03:00,22.2,72,1.8,349,0.0
2026-08-19T04:00,24.4,67,4.4,9,0.0
2026-08-19T05:00,26.8,57,3.1,36,0.0
2026-08-19T06:00,28.8,52,2.8,130,0.0
2026-08-19T07:00,30.8,46,5.2,146,0.0
2026-08-19T08:00,32.6,41,6.8,155,0.0
2026-08-19T09:00,34.0,36,6.6,151,0.0
2026-08-19T10:00,35.1,33,5.6,140,0.0
2026-08-19T11:00,35.9,31,6.4,137,0.0
2026-08-19T12:00,36.3,31,6.9,137,0.0
2026-08-19T13:00,36.2,31,7.7,139,0.0
2026-08-19T14:00,35.7,32,9.3,144,0.0
2026-08-19T15:00,34.8,34,9.4,137,0.0
2026-08-19T16:00,32.8,40,11.2,135,0.0
2026-08-19T17:00,30.5,47,20.8,150,0.0
2026-08-19T18:00,29.1,49,18.4,145,0.0
2026-08-19T19:00,28.1,51,15.6,154,0.0
2026-08-19T20:00,27.2,52,10.4,136,0.0
2026-08-19T21:00,26.3,54,5.0,111,0.0
2026-08-19T22:00,25.6,57,5.5,67,0.0
2026-08-19T23:00,24.8,61,5.8,68,0.0
2026-08-20T00:00,24.3,66,6.8,72,0.0
2026-08-20T01:00,23.8,70,5.9,76,0.0
2026-08-20T02:00,23.4,73,3.0,14,0.0
2026-08-20T03:00,23.6,74,1.3,304,0.0
2026-08-20T04:00,25.4,67,1.3,304,0.0
2026-08-20T05:00,28.0,54,3.5,156,0.0
2026-08-20T06:00,30.3,43,5.1,219,0.0
2026-08-20T07:00,31.9,43,6.9,298,0.0
2026-08-20T08:00,33.4,43,7.6,315,0.0
2026-08-20T09:00,34.8,39,7.6,335,0.0
2026-08-20T10:00,36.1,34,8.0,352,0.0
2026-08-20T11:00,37.0,31,8.8,351,0.0
2026-08-20T12:00,37.3,29,8.3,355,0.0
2026-08-20T13:00,36.9,30,14.6,308,0.0
2026-08-20T14:00,35.3,34,14.2,324,0.1
2026-08-20T15:00,33.9,38,11.7,326,0.1
2026-08-20T16:00,30.7,51,22.0,162,0.1
2026-08-20T17:00,29.5,52,15.1,208,0.0
2026-08-20T18:00,28.7,51,9.7,225,0.0
2026-08-20T19:00,27.7,56,14.4,180,0.0
2026-08-20T20:00,27.0,57,10.9,171,0.1
2026-08-20T21:00,26.2,62,5.6,333,0.0
2026-08-20T22:00,25.3,66,6.2,21,0.0
2026-08-20T23:00,25.0,63,7.2,53,0.0
2026-08-21T00:00,24.7,61,8.4,80,0.0
2026-08-21T01:00,24.4,63,8.6,88,0.0
2026-08-21T02:00,24.3,65,6.6,77,0.0
2026-08-21T03:00,24.3,68,3.3,354,0.0
2026-08-21T04:00,25.5,65,3.3,41,0.0
2026-08-21T05:00,27.2,59,5.8,94,0.0
2026-08-21T06:00,28.8,51,7.4,119,0.0
2026-08-21T07:00,30.5,46,7.4,141,0.0
2026-08-21T08:00,32.2,40,12.9,157,0.0
2026-08-21T09:00,33.0,37,11.3,153,0.0
2026-08-21T10:00,33.7,35,11.3,153,0.0
2026-08-21T11:00,34.4,32,10.5,153,0.0
2026-08-21T12:00,34.9,29,13.0,146,0.0
2026-08-21T13:00,34.7,30,13.0,146,0.0
2026-08-21T14:00,34.3,31,15.5,149,0.0
2026-08-21T15:00,33.4,32,14.8,151,0.0
2026-08-21T16:00,31.2,39,18.0,154,0.0
2026-08-21T17:00,29.6,43,16.5,157,0.0
2026-08-21T18:00,28.3,46,12.9,157,0.0
2026-08-21T19:00,27.0,48,9.1,146,0.0
2026-08-21T20:00,26.0,51,5.4,143,0.0
2026-08-21T21:00,25.1,54,4.4,81,0.0
2026-08-21T22:00,24.2,58,6.0,57,0.0
2026-08-21T23:00,23.6,61,7.5,55,0.0
2026-08-22T00:00,23.2,65,9.2,64,0.0
2026-08-22T01:00,22.6,71,6.8,72,0.0
2026-08-22T02:00,22.1,77,3.8,107,0.0
2026-08-22T03:00,22.4,79,4.0,153,0.0
2026-08-22T04:00,24.0,74,5.6,153,0.0
2026-08-22T05:00,26.3,65,7.4,141,0.0
2026-08-22T06:00,28.5,56,8.9,137,0.0
2026-08-22T07:00,30.4,48,9.4,137,0.0
2026-08-22T08:00,32.3,40,9.7,135,0.0
2026-08-22T09:00,33.8,34,9.9,136,0.0
2026-08-22T10:00,35.0,31,10.4,136,0.0
2026-08-22T11:00,35.7,29,10.9,136,0.0
2026-08-22T12:00,36.0,28,12.0,139,0.0
2026-08-22T13:00,35.7,27,13.9,143,0.0
2026-08-22T14:00,35.0,26,16.7,147,0.0
2026-08-22T15:00,33.7,28,18.1,149,0.0
2026-08-22T16:00,31.8,35,17.8,148,0.0
2026-08-22T17:00,29.5,44,16.6,146,0.0
2026-08-22T18:00,27.4,53,14.6,140,0.0
2026-08-22T19:00,26.0,60,11.8,128,0.0
2026-08-22T20:00,25.0,66,9.7,105,0.0
2026-08-22T21:00,24.1,72,9.4,83,0.0
2026-08-22T22:00,23.5,77,9.2,79,0.0
2026-08-22T23:00,23.0,80,8.8,81,0.0
2026-08-23T00:00,22.7,83,7.6,85,0.0
2026-08-23T01:00,22.4,85,5.0,90,0.0
2026-08-23T02:00,22.2,87,2.1,121,0.0
2026-08-23T03:00,22.6,86,1.8,169,0.0
2026-08-23T04:00,23.9,81,3.1,144,0.0
2026-08-23T05:00,25.8,73,6.2,126,0.0
2026-08-23T06:00,27.7,66,8.5,118,0.0
2026-08-23T07:00,29.5,59,9.0,113,0.0
2026-08-23T08:00,31.4,53,8.8,109,0.0
2026-08-23T09:00,33.0,47,8.7,107,0.0
2026-08-23T10:00,34.2,42,9.4,113,0.0
2026-08-23T11:00,35.2,37,10.3,119,0.0
2026-08-23T12:00,35.7,34,11.4,125,0.0
2026-08-23T13:00,35.8,33,12.3,130,0.0
2026-08-23T14:00,35.4,34,13.0,136,0.0
2026-08-23T15:00,34.5,38,14.0,138,0.0
2026-08-23T16:00,32.4,47,15.4,137,0.0
2026-08-23T17:00,29.8,57,16.2,135,0.0
2026-08-23T18:00,27.9,65,16.5,132,0.0
2026-08-23T19:00,27.5,63,12.4,126,0.0
2026-08-23T20:00,26.6,66,10.1,107,0.0
2026-08-23T21:00,25.9,69,9.0,90,0.0
2026-08-23T22:00,25.4,71,7.2,87,0.0
2026-08-23T23:00,25.1,73,5.1,98,0.0
2026-08-24T00:00,24.9,75,3.1,111,0.0
2026-08-24T01:00,24.6,77,1.4,90,0.0
2026-08-24T02:00,24.3,79,1.5,14,0.0
2026-08-24T03:00,24.6,79,2.5,360,0.0
2026-08-24T04:00,25.6,75,2.6,16,0.0
2026-08-24T05:00,27.1,70,2.9,60,0.0
2026-08-24T06:00,28.7,64,4.0,85,0.0
2026-08-24T07:00,30.3,59,5.6,105,0.0
2026-08-24T08:00,32.1,54,7.2,117,0.0
2026-08-24T09:00,33.6,49,9.1,124,0.0
2026-08-24T10:00,34.8,45,10.0,128,0.0
2026-08-24T11:00,35.7,42,10.7,130,0.0
2026-08-24T12:00,36.3,40,10.5,131,0.0
2026-08-24T13:00,36.5,39,8.4,130,0.0
2026-08-24T14:00,36.4,39,5.7,125,0.0
2026-08-24T15:00,35.8,40,4.4,125,0.0
2026-08-24T16:00,34.5,43,6.1,135,0.0
2026-08-24T17:00,32.6,48,10.0,142,0.0
2026-08-24T18:00,30.8,53,11.7,146,0.0
2026-08-24T19:00,29.4,58,10.5,153,0.0
2026-08-24T20:00,28.1,64,7.8,167,0.0
2026-08-24T21:00,27.0,69,5.4,184,0.0
2026-08-24T22:00,26.3,72,2.9,187,0.0
2026-08-24T23:00,25.8,74,0.8,117,0.0
